"id","tool","workload","param","rep","exit","wall_s","rss_mb","tmp_mb","out_mb","inner_s","check","rchar_mb","read_mb","t_prep","iter","ok"
"vectra_abl_zm_sorted_1","vectra","abl","zm_sorted",1,0,0.42,79.24609375,0,0,0.067,500176.405696919,4.397756,19.869696,NA,NA,TRUE
"vectra_abl_zm_random_1","vectra","abl","zm_random",1,0,2.52,78.84375,0,0,2.19,501048.265071956,542.473202,1862.213632,NA,NA,TRUE
"vectra_abl_cols_1_1","vectra","abl","cols_1",1,0,1.96,75.28125,0,0,1.613,1795.65482346731,383.866433,1597.861888,NA,NA,TRUE
"vectra_abl_cols_all_1","vectra","abl","cols_all",1,0,7.79,85.33203125,0,0,7.489,1527623628053520,1863.388091,2096.033792,NA,NA,TRUE
"vectra_abl_idx_none_1","vectra","abl","idx_none",1,0,6.18,90.390625,0,0,5.767,153142903.00814,2102.937638,2101.243904,NA,NA,TRUE
"vectra_abl_idx_vtri_1","vectra","abl","idx_vtri",1,0,0.59,90.5078125,0,0,0.117,153142903.00814,27.848008,70.991872,NA,NA,TRUE
"vectra_abl_mut_before_1","vectra","abl","mut_before",1,0,7.28,99.1328125,0,0,6.948,5e+05,2102.942651,2101.243904,NA,NA,TRUE
"vectra_abl_mut_after_1","vectra","abl","mut_after",1,0,0.42,99.1796875,0,0,0.107,5e+05,22.321877,31.858688,NA,NA,TRUE
"vectra_scan_1e7_1","vectra","scan","1e7",1,0,1.79,606.3984375,0,0,1.488,4668622,420.610641,420.233216,NA,NA,TRUE
"vectra1g_scan_1e7_1","vectra1g","scan","1e7",1,0,2.02,598.30078125,0,0,1.712,4668622,420.605628,420.233216,NA,NA,TRUE
"arrow_scan_1e7_1","arrow","scan","1e7",1,0,1.24,442.4296875,0,0,0.443,4668622,168.050389,176.795648,NA,NA,TRUE
"duckdb_scan_1e7_1","duckdb","scan","1e7",1,0,0.75,116.0625,0,0,0.184,4668622,168.199479,288.07168,NA,NA,TRUE
"datatable_scan_1e7_1","datatable","scan","1e7",1,0,1.14,452.90234375,0,0,0.791,4668622,170.922498,194.10944,NA,NA,TRUE
"vectra_scan_2e7_1","vectra","scan","2e7",1,0,3.77,1111.22265625,0,0,3.444,9335054,841.230717,840.466432,NA,NA,TRUE
"vectra1g_scan_2e7_1","vectra1g","scan","2e7",1,0,3.89,1104.3984375,0,0,3.572,9335054,841.225704,840.466432,NA,NA,TRUE
"arrow_scan_2e7_1","arrow","scan","2e7",1,0,1.46,716.7890625,0,0,0.696,9335054,335.933079,353.472512,NA,NA,TRUE
"duckdb_scan_2e7_1","duckdb","scan","2e7",1,0,1.04,126.32421875,0,0,0.39,9335054,336.393889,586.203136,NA,NA,TRUE
"datatable_scan_2e7_1","datatable","scan","2e7",1,0,1.84,987.12109375,0,0,1.462,9335054,341.826152,387.596288,NA,NA,TRUE
"vectra_scan_5e7_1","vectra","scan","5e7",1,0,9.62,2630.28125,0,0,9.302,23333333,2103.060918,2101.137408,NA,NA,TRUE
"vectra1g_scan_5e7_1","vectra1g","scan","5e7",1,0,29.29,1165.12109375,592.729336,0,28.979,23333333,2696.605047,2101.137408,NA,NA,TRUE
"arrow_scan_5e7_1","arrow","scan","5e7",1,0,2.13,1174.38671875,0,0,1.365,23333333,839.577755,883.515392,NA,NA,TRUE
"duckdb_scan_5e7_1","duckdb","scan","5e7",1,0,1.4,148.51171875,0,0,0.843,23333333,840.973726,1476.059136,NA,NA,TRUE
"datatable_scan_5e7_1","datatable","scan","5e7",1,0,3.7,2360.7109375,0,0,3.253,23333333,854.536909,969.240576,NA,NA,TRUE
"vectra_scan_1e8_1","vectra","scan","1e8",1,0,20.25,5184.1328125,0,0,19.886,46669431,4206.149937,4202.328064,NA,NA,TRUE
"vectra1g_scan_1e8_1","vectra1g","scan","1e8",1,0,59.57,1167.24609375,1185.396229,0,59.214,46669431,5393.177554,4202.274816,NA,NA,TRUE
"arrow_scan_1e8_1","arrow","scan","1e8",1,0,3.41,1154.56640625,0,0,2.529,46669431,1678.984666,1766.916096,NA,NA,TRUE
"duckdb_scan_1e8_1","duckdb","scan","1e8",1,0,2.57,188.00390625,0,0,1.904,46669431,1681.939237,2909.92128,NA,NA,TRUE
"datatable_scan_1e8_1","datatable","scan","1e8",1,0,7.27,4649.3671875,0,0,6.766,46669431,1709.055558,1938.1248,NA,NA,TRUE
"vectra_groups_1e3_1","vectra","groups","1e3",1,0,9.25,2786.4921875,0,0.016808,8.891,100003015,826.612131,2014.072832,NA,NA,TRUE
"vectra1g_groups_1e3_1","vectra1g","groups","1e3",1,0,38.29,1896.62109375,741.755483,0.016808,37.98,100003015,1572.086444,2014.072832,NA,NA,TRUE
"arrow_groups_1e3_1","arrow","groups","1e3",1,0,2.01,1132.15234375,0,0.029179,1.237,100003015,858.589243,902.467584,NA,NA,TRUE
"duckdb_groups_1e3_1","duckdb","groups","1e3",1,0,1.34,148.41796875,0,0.023968,0.741,100003015,859.921135,1621.95456,NA,NA,TRUE
"datatable_groups_1e3_1","datatable","groups","1e3",1,0,3.77,2745.45703125,0,0.020595,3.202,100003015,904.331479,1002.115072,NA,NA,TRUE
"vectra_groups_1e5_1","vectra","groups","1e5",1,0,10.17,2786.40625,0,1.623542,9.832,100102015,869.116956,2028.27776,NA,NA,TRUE
"vectra1g_groups_1e5_1","vectra1g","groups","1e5",1,0,38.94,1896.6875,742.966862,1.623542,38.629,100102015,1614.766702,2028.27776,NA,NA,TRUE
"arrow_groups_1e5_1","arrow","groups","1e5",1,0,2.45,1185.58203125,0,2.668673,1.622,100102015,922.532597,965.246976,NA,NA,TRUE
"duckdb_groups_1e5_1","duckdb","groups","1e5",1,0,2.21,157.7734375,0,2.102221,1.544,100102015,923.604698,1736.511488,NA,NA,TRUE
"datatable_groups_1e5_1","datatable","groups","1e5",1,0,3.99,2745.8828125,0,2.028151,3.535,100102015,933.935937,1069.07648,NA,NA,TRUE
"vectra_groups_1e6_1","vectra","groups","1e6",1,0,11.59,2786.59765625,0,16.208218,11.242,101002015,899.179978,2007.945216,NA,NA,TRUE
"vectra1g_groups_1e6_1","vectra1g","groups","1e6",1,0,39.78,1896.42578125,749.329477,16.208218,39.467,101002015,1651.971827,2007.945216,NA,NA,TRUE
"arrow_groups_1e6_1","arrow","groups","1e6",1,0,3.38,1491.58984375,0,26.43039,2.524,101002015,1031.038385,1064.214528,NA,NA,TRUE
"duckdb_groups_1e6_1","duckdb","groups","1e6",1,0,3.09,290.2265625,0,20.76311,2.479,101002015,1030.432957,1951.31392,NA,NA,TRUE
"datatable_groups_1e6_1","datatable","groups","1e6",1,0,3.82,2505.5390625,0,20.111062,3.4,101002015,954.458191,1106.415616,NA,NA,TRUE
"vectra_groups_1e7_1","vectra","groups","1e7",1,0,23.86,2786.59375,0,161.327937,23.505,109934449,981.660184,1854.386176,NA,NA,TRUE
"vectra1g_groups_1e7_1","vectra1g","groups","1e7",1,0,54.84,1896.48046875,763.372383,161.327937,54.532,109934449,1747.961664,1854.386176,NA,NA,TRUE
"arrow_groups_1e7_1","arrow","groups","1e7",1,0,9.31,3001.46484375,0,260.186987,8.402,109934449,1127.61511,1067.712512,NA,NA,TRUE
"duckdb_groups_1e7_1","duckdb","groups","1e7",1,0,6.03,1537.80859375,0,204.541844,5.347,109934449,1110.564601,1765.552128,NA,NA,TRUE
"datatable_groups_1e7_1","datatable","groups","1e7",1,0,4.83,2505.6328125,0,199.719002,4.402,109934449,954.459163,1081.30304,NA,NA,TRUE
"vectra_join_1e3_1","vectra","join","1e3",1,0,9.46,2786.91796875,0,0,9.094,75312950,146.080807,1195.954176,NA,NA,TRUE
"vectra1g_join_1e3_1","vectra1g","join","1e3",1,0,20.5,1895.88671875,333.813132,0,20.104,75312950,482.233717,1195.954176,NA,NA,TRUE
"arrow_join_1e3_1","arrow","join","1e3",1,0,1.73,410.453125,0,0,0.896,75312950,107.404957,107.716608,NA,NA,TRUE
"duckdb_join_1e3_1","duckdb","join","1e3",1,0,1.33,133.0703125,0,0,0.768,75312950,108.170277,605.319168,NA,NA,TRUE
"datatable_join_1e3_1","datatable","join","1e3",1,0,6.25,2947.55859375,0,0,5.745,75312950,152.085072,181.092352,NA,NA,TRUE
"vectra_join_1e5_1","vectra","join","1e5",1,0,11.24,2793.30859375,0,0,10.867,74975261,190.357167,1194.496,NA,NA,TRUE
"vectra1g_join_1e5_1","vectra1g","join","1e5",1,0,23.54,1902.88671875,375.279591,0,23.211,74975261,570.054623,1194.496,NA,NA,TRUE
"arrow_join_1e5_1","arrow","join","1e5",1,0,1.96,714.59765625,0,0,1.134,74975261,171.781905,172.183552,NA,NA,TRUE
"duckdb_join_1e5_1","duckdb","join","1e5",1,0,2.05,138.515625,0,0,1.297,74975261,172.447017,502.403072,NA,NA,TRUE
"datatable_join_1e5_1","datatable","join","1e5",1,0,7.5,2949.3046875,0,0,7.006,74975261,182.624749,294.178816,NA,NA,TRUE
"vectra_join_1e6_1","vectra","join","1e6",1,0,14.65,2846.42578125,0,0,14.334,75009026,216.748569,1413.103616,NA,NA,TRUE
"vectra1g_join_1e6_1","vectra1g","join","1e6",1,0,28.1,1959.45703125,395.863953,0,27.734,75009026,615.388823,1413.103616,NA,NA,TRUE
"arrow_join_1e6_1","arrow","join","1e6",1,0,2.29,1101.87109375,0,0,1.466,75009026,280.971045,281.391104,NA,NA,TRUE
"duckdb_join_1e6_1","duckdb","join","1e6",1,0,2.2,172.91796875,0,0,1.595,75009026,281.668078,999.079936,NA,NA,TRUE
"datatable_join_1e6_1","datatable","join","1e6",1,0,7.07,2957.41796875,0,0,6.604,75009026,211.636082,340.013056,NA,NA,TRUE
"vectra_join_1e7_1","vectra","join","1e7",1,0,21.38,3535.52734375,0,0,21.023,75002406,268.171954,1256.759296,NA,NA,TRUE
"vectra1g_join_1e7_1","vectra1g","join","1e7",1,0,34.11,2641.73046875,403.994122,0,33.748,75002406,676.198245,1256.759296,NA,NA,TRUE
"arrow_join_1e7_1","arrow","join","1e7",1,0,3.82,2214.3359375,0,0,3.005,75002406,390.067029,390.500352,NA,NA,TRUE
"duckdb_join_1e7_1","duckdb","join","1e7",1,0,3.84,600.87890625,0,0,3.171,75002406,390.985021,1114.800128,NA,NA,TRUE
"datatable_join_1e7_1","datatable","join","1e7",1,0,8.1,3060.67578125,0,0,7.641,75002406,296.575712,399.85152,NA,NA,TRUE
"vectra_join_5e7_1","vectra","join","5e7",1,137,20.3,5964.16796875,0,0,NA,NA,NA,NA,NA,NA,FALSE
"vectra1g_join_5e7_1","vectra1g","join","5e7",1,0,35.05,5110.48046875,322.250233,0,34.71,75001893,638.875682,759.918592,NA,NA,TRUE
"arrow_join_5e7_1","arrow","join","5e7",1,0,8.18,5922.29296875,0,0,7.359,75001893,857.959485,872.435712,NA,NA,TRUE
"duckdb_join_5e7_1","duckdb","join","5e7",1,0,5.32,2001.375,0,0,4.567,75001893,859.857903,1546.821632,NA,NA,TRUE
"datatable_join_5e7_1","datatable","join","5e7",1,0,8.25,2750.75390625,0,0,7.806,75001893,594.764962,639.889408,NA,NA,TRUE
"vectra_collect_0.001_1","vectra","collect","0.001",1,0,3.81,88.65625,0,0,3.469,49855,989.488208,2029.830144,NA,NA,TRUE
"vectra_sink_0.001_1","vectra","sink","0.001",1,0,4.09,92.22265625,0,2.132518,3.635,49855,989.618468,2029.83424,NA,NA,TRUE
"arrow_collect_0.001_1","arrow","collect","0.001",1,0,2.63,1573.53515625,0,0,1.795,49855,1114.435914,1817.018368,NA,NA,TRUE
"arrow_sink_0.001_1","arrow","sink","0.001",1,0,2.95,1566.078125,0,2.816331,2.145,49855,1117.811597,1817.972736,NA,NA,TRUE
"duckdb_collect_0.001_1","duckdb","collect","0.001",1,0,1.8,165.68359375,0,0,1.117,49855,1116.443515,2251.657216,NA,NA,TRUE
"duckdb_sink_0.001_1","duckdb","sink","0.001",1,0,1.87,167.48046875,0,1.123108,1.192,49855,1116.444011,2251.661312,NA,NA,TRUE
"vectra_collect_0.01_1","vectra","collect","0.01",1,0,3.82,107.2265625,0,0,3.481,499314,989.488208,2029.830144,NA,NA,TRUE
"vectra_sink_0.01_1","vectra","sink","0.01",1,0,4.22,85.4296875,0,18.142126,3.848,499314,989.608535,2029.83424,NA,NA,TRUE
"arrow_collect_0.01_1","arrow","collect","0.01",1,0,3.02,1561.80859375,0,0,2.151,499314,1114.435914,1819.328512,NA,NA,TRUE
"arrow_sink_0.01_1","arrow","sink","0.01",1,0,3.05,1606.8046875,0,16.357222,2.264,499314,1131.361077,1818.07104,NA,NA,TRUE
"duckdb_collect_0.01_1","duckdb","collect","0.01",1,0,1.78,196.98828125,0,0,1.209,499314,1116.443515,2251.657216,NA,NA,TRUE
"duckdb_sink_0.01_1","duckdb","sink","0.01",1,0,1.9,180.51171875,0,10.848843,1.333,499314,1116.445446,2251.661312,NA,NA,TRUE
"vectra_collect_0.1_1","vectra","collect","0.1",1,0,4.59,335.171875,0,0,4.233,5001776,989.488208,2029.830144,NA,NA,TRUE
"vectra_sink_0.1_1","vectra","sink","0.1",1,0,5.88,85.7890625,0,142.790465,5.554,5001776,989.622219,2029.83424,NA,NA,TRUE
"arrow_collect_0.1_1","arrow","collect","0.1",1,0,2.84,1698.38671875,0,0,2.071,5001776,1114.435914,1818.902528,NA,NA,TRUE
"arrow_sink_0.1_1","arrow","sink","0.1",1,0,4.5,1681.52734375,0,150.893473,3.633,5001776,1265.923062,1817.055232,NA,NA,TRUE
"duckdb_collect_0.1_1","duckdb","collect","0.1",1,0,2.5,529.53125,0,0,1.928,5001776,1116.443515,2251.657216,NA,NA,TRUE
"duckdb_sink_0.1_1","duckdb","sink","0.1",1,0,2.22,186.35546875,0,108.530243,1.678,5001776,1116.458924,2251.661312,NA,NA,TRUE
"vectra_collect_0.5_1","vectra","collect","0.5",1,0,6.83,1364.83984375,0,0,6.42,24999388,989.488208,2029.830144,NA,NA,TRUE
"vectra_sink_0.5_1","vectra","sink","0.5",1,0,20.88,85.77734375,0,528.434041,20.569,24999388,989.608219,2029.83424,NA,NA,TRUE
"arrow_collect_0.5_1","arrow","collect","0.5",1,0,3.37,2261.671875,0,0,2.57,24999388,1114.435914,1819.803648,NA,NA,TRUE
"arrow_sink_0.5_1","arrow","sink","0.5",1,0,11.37,2310.06640625,0,726.827739,10.484,24999388,1841.864371,1817.530368,NA,NA,TRUE
"duckdb_collect_0.5_1","duckdb","collect","0.5",1,0,5.37,2005.66015625,0,0,4.641,24999388,1116.443515,2251.657216,NA,NA,TRUE
"duckdb_sink_0.5_1","duckdb","sink","0.5",1,0,4.25,187.83203125,0,541.962221,3.624,24999388,1116.518666,2251.661312,NA,NA,TRUE
"vectra_pip_1e6_1","vectra","pip","1e6",1,0,7.19,361.53125,34.630483,0,6.818,545124,20.971488,153.182208,NA,NA,TRUE
"sf_pip_1e6_1","sf","pip","1e6",1,0,9.36,945.4765625,0,0,8.742,545124,15.973986,58.945536,NA,NA,TRUE
"duckdb_pip_1e6_1","duckdb","pip","1e6",1,0,41.6,230.45703125,0,1.314816,41.025,545124,109.37231,233.873408,NA,NA,TRUE
"vectra_pip_1e7_1","vectra","pip","1e7",1,0,70.48,1481.83984375,347.155551,0,70.089,5451447,128.491857,441.151488,NA,NA,TRUE
"sf_pip_1e7_1","sf","pip","1e7",1,137,54.02,5964.5859375,0,0,NA,NA,NA,NA,NA,NA,FALSE
"duckdb_pip_1e7_1","duckdb","pip","1e7",1,0,222.52,240.5546875,0,1.314816,221.937,5451447,236.72857,476.987392,NA,NA,TRUE
"vectra_pip_3e7_1","vectra","pip","3e7",1,0,214.46,1684.30859375,1040.713286,0,214.055,16353933,368.771506,1096.02816,NA,NA,TRUE
"sf_pip_3e7_1","sf","pip","3e7",1,137,23.26,5962.83984375,0,0,NA,NA,NA,NA,NA,NA,FALSE
"vectra_pip_5e7_1","vectra","pip","5e7",1,0,366.97,2208.2734375,1733.250246,0,366.461,27253247,609.028783,1750.884352,NA,NA,TRUE
"sf_pip_5e7_1","sf","pip","5e7",1,137,24.55,5961.33203125,0,0,NA,NA,NA,NA,NA,NA,FALSE
"duckdb_pip_5e7_1","duckdb","pip","5e7",1,0,1112.84,260.73828125,0,1.314816,1112.223,27253247,824.767345,1617.752064,NA,NA,TRUE
"vectra_model_offload_1e7_1","vectra","model_offload","1e7",1,0,15.07,161.0078125,92.997098,0,14.753,-0.8601,895.429899,428.363776,7.502,5,TRUE
"vectra_model_rebuild_1e7_1","vectra","model_rebuild","1e7",1,0,28.6,304.8984375,0,0,28.301,-0.8601,2129.695179,428.363776,0,5,TRUE
"vectra_model_glm_1e7_1","vectra","model_glm","1e7",1,0,20.63,3020.25,0,0,20.212,-0.8601,427.400306,428.294144,4.703,4,TRUE
"vectra_model_offload_5e7_1","vectra","model_offload","5e7",1,0,68.73,161.4296875,465.03377,0,68.408,-0.8628,4449.680082,2109.267968,33.859,5,TRUE
"vectra_model_rebuild_5e7_1","vectra","model_rebuild","5e7",1,0,141.49,299.5,0,0,141.13,-0.8628,10541.946557,2109.267968,0,5,TRUE
"vectra_model_glm_5e7_1","vectra","model_glm","5e7",1,137,31.4,5961.44921875,0,0,NA,NA,NA,NA,NA,NA,FALSE
"vectra_sort_1e7_1","vectra","sort","1e7",1,0,52.3,2116.73046875,0,426.80182,51.869,-5127222,847.465564,420.237312,NA,NA,TRUE
"vectra1g_sort_1e7_1","vectra1g","sort","1e7",1,0,30.72,1195.234375,434.581861,433.796605,30.372,-5127222,859.023179,420.237312,NA,NA,TRUE
"arrow_sort_1e7_1","arrow","sort","1e7",1,0,15.36,2949.01953125,0,654.543212,14.504,-5127222,1816.465773,506.957824,NA,NA,TRUE
"duckdb_sort_1e7_1","duckdb","sort","1e7",1,0,5.52,1515.8359375,0,499.655035,4.796,-5127222,593.65724,506.966016,NA,NA,TRUE
"datatable_sort_1e7_1","datatable","sort","1e7",1,0,4.87,1446.5703125,0,565.314005,4.348,-5127222,549.408945,549.4784,NA,NA,TRUE
"vectra_sort_5e7_1","vectra","sort","5e7",1,0,161.81,4457.2109375,2174.043663,2180.444969,161.457,33484774,4284.236849,2101.264384,NA,NA,TRUE
"vectra1g_sort_5e7_1","vectra1g","sort","5e7",1,0,156.84,1191.71484375,2172.828745,2180.444969,156.509,33484774,4283.163582,2101.149696,NA,NA,TRUE
"arrow_sort_5e7_1","arrow","sort","5e7",1,137,5.62,5960.390625,0,0,NA,NA,NA,NA,NA,NA,FALSE
"duckdb_sort_5e7_1","duckdb","sort","5e7",1,0,29.42,5418.73046875,1696.858112,2463.916025,28.413,33484774,5535.875069,6880.423936,NA,NA,TRUE
"datatable_sort_5e7_1","datatable","sort","5e7",1,137,10.47,5968.4609375,0,0,NA,NA,NA,NA,NA,NA,FALSE
"vectra_sort_1e8_1","vectra","sort","1e8",1,0,317.22,4458.7265625,4358.326175,4360.738327,316.894,83329052,8575.811711,7479.988224,NA,NA,TRUE
"vectra1g_sort_1e8_1","vectra1g","sort","1e8",1,0,323.96,1194.765625,4348.518557,4360.738327,323.679,83329052,8566.299841,7284.793344,NA,NA,TRUE
"arrow_sort_1e8_1","arrow","sort","1e8",1,137,19.81,5961.2734375,0,0,NA,NA,NA,NA,NA,NA,FALSE
"datatable_sort_1e8_1","datatable","sort","1e8",1,137,13.69,5968.5703125,0,0,NA,NA,NA,NA,NA,NA,FALSE
"vectra_abl_zm_sorted_2","vectra","abl","zm_sorted",2,0,0.44,79.37890625,0,0,0.071,500176.405696919,4.397756,19.869696,NA,NA,TRUE
"vectra_abl_zm_random_2","vectra","abl","zm_random",2,0,3.05,78.8359375,0,0,2.717,501048.265071956,542.473202,1862.213632,NA,NA,TRUE
"vectra_abl_cols_1_2","vectra","abl","cols_1",2,0,2.15,75.203125,0,0,1.704,1795.65482346731,383.866433,1597.861888,NA,NA,TRUE
"vectra_abl_cols_all_2","vectra","abl","cols_all",2,0,7.85,85.1484375,0,0,7.454,1527623628053520,1863.388091,2096.033792,NA,NA,TRUE
"vectra_abl_idx_none_2","vectra","abl","idx_none",2,0,6.55,90.4375,0,0,6.176,153142903.00814,2102.937638,2101.243904,NA,NA,TRUE
"vectra_abl_idx_vtri_2","vectra","abl","idx_vtri",2,0,0.46,90.51171875,0,0,0.128,153142903.00814,27.848008,70.991872,NA,NA,TRUE
"vectra_abl_mut_before_2","vectra","abl","mut_before",2,0,8.28,99.1328125,0,0,7.922,5e+05,2102.942651,2101.243904,NA,NA,TRUE
"vectra_abl_mut_after_2","vectra","abl","mut_after",2,0,0.49,99.08203125,0,0,0.126,5e+05,22.321877,31.858688,NA,NA,TRUE
"vectra_scan_1e7_2","vectra","scan","1e7",2,0,2.17,606.59765625,0,0,1.837,4668622,420.610641,420.233216,NA,NA,TRUE
"vectra1g_scan_1e7_2","vectra1g","scan","1e7",2,0,2.36,598.16796875,0,0,2.022,4668622,420.605628,420.233216,NA,NA,TRUE
"arrow_scan_1e7_2","arrow","scan","1e7",2,0,1.43,456.59375,0,0,0.478,4668622,168.050389,176.795648,NA,NA,TRUE
"duckdb_scan_1e7_2","duckdb","scan","1e7",2,0,0.84,115.90234375,0,0,0.22,4668622,168.199479,288.07168,NA,NA,TRUE
"datatable_scan_1e7_2","datatable","scan","1e7",2,0,1.24,453.26953125,0,0,0.848,4668622,170.922498,194.10944,NA,NA,TRUE
"vectra_scan_2e7_2","vectra","scan","2e7",2,0,4.33,1111.1328125,0,0,3.933,9335054,841.230717,840.466432,NA,NA,TRUE
"vectra1g_scan_2e7_2","vectra1g","scan","2e7",2,0,4.09,1104.53515625,0,0,3.728,9335054,841.225704,840.466432,NA,NA,TRUE
"arrow_scan_2e7_2","arrow","scan","2e7",2,0,1.64,686.69921875,0,0,0.769,9335054,335.933079,353.472512,NA,NA,TRUE
"duckdb_scan_2e7_2","duckdb","scan","2e7",2,0,1.06,126.328125,0,0,0.386,9335054,336.393889,586.203136,NA,NA,TRUE
"datatable_scan_2e7_2","datatable","scan","2e7",2,0,2.13,987.44140625,0,0,1.684,9335054,341.826152,387.596288,NA,NA,TRUE
"vectra_scan_5e7_2","vectra","scan","5e7",2,0,10.55,2630.44921875,0,0,10.189,23333333,2103.060918,2101.137408,NA,NA,TRUE
"vectra1g_scan_5e7_2","vectra1g","scan","5e7",2,0,30.8,1165.203125,592.729336,0,30.438,23333333,2696.605047,2101.137408,NA,NA,TRUE
"arrow_scan_5e7_2","arrow","scan","5e7",2,0,2.62,1192.3828125,0,0,1.737,23333333,839.577755,883.515392,NA,NA,TRUE
"duckdb_scan_5e7_2","duckdb","scan","5e7",2,0,1.9,148.83984375,0,0,1.055,23333333,840.973726,1476.059136,NA,NA,TRUE
"datatable_scan_5e7_2","datatable","scan","5e7",2,0,4.24,2360.59765625,0,0,3.822,23333333,854.536909,969.240576,NA,NA,TRUE
"vectra_scan_1e8_2","vectra","scan","1e8",2,0,20.62,5184.109375,0,0,20.184,46669431,4206.149937,4202.328064,NA,NA,TRUE
"vectra1g_scan_1e8_2","vectra1g","scan","1e8",2,0,62.78,1167.203125,1185.396229,0,62.388,46669431,5393.177554,4202.274816,NA,NA,TRUE
"arrow_scan_1e8_2","arrow","scan","1e8",2,0,4.1,1184.703125,0,0,2.725,46669431,1678.984666,1766.916096,NA,NA,TRUE
"duckdb_scan_1e8_2","duckdb","scan","1e8",2,0,2.85,189.91796875,0,0,2.148,46669431,1681.939237,2909.92128,NA,NA,TRUE
"datatable_scan_1e8_2","datatable","scan","1e8",2,0,8.43,4649.27734375,0,0,7.974,46669431,1709.055559,1938.190336,NA,NA,TRUE
"vectra_groups_1e3_2","vectra","groups","1e3",2,0,9.26,2786.58203125,0,0.016808,8.963,100003015,826.612131,2014.072832,NA,NA,TRUE
"vectra1g_groups_1e3_2","vectra1g","groups","1e3",2,0,37.6,1896.515625,741.755483,0.016808,37.296,100003015,1572.086444,2014.072832,NA,NA,TRUE
"arrow_groups_1e3_2","arrow","groups","1e3",2,0,2.14,1140.13671875,0,0.029179,1.274,100003015,858.589243,902.467584,NA,NA,TRUE
"duckdb_groups_1e3_2","duckdb","groups","1e3",2,0,1.51,148.60546875,0,0.023946,0.869,100003015,859.921113,1621.95456,NA,NA,TRUE
"datatable_groups_1e3_2","datatable","groups","1e3",2,0,3.69,2744.87109375,0,0.020595,3.293,100003015,904.331479,1002.115072,NA,NA,TRUE
"vectra_groups_1e5_2","vectra","groups","1e5",2,0,10.04,2786.3203125,0,1.623542,9.741,100102015,869.116956,2028.27776,NA,NA,TRUE
"vectra1g_groups_1e5_2","vectra1g","groups","1e5",2,0,38.99,1896.46875,742.966862,1.623542,38.673,100102015,1614.766702,2028.27776,NA,NA,TRUE
"arrow_groups_1e5_2","arrow","groups","1e5",2,0,2.43,1231.5703125,0,2.668686,1.613,100102015,922.532611,965.246976,NA,NA,TRUE
"duckdb_groups_1e5_2","duckdb","groups","1e5",2,0,2.03,156.375,0,2.102219,1.442,100102015,923.604698,1736.511488,NA,NA,TRUE
"datatable_groups_1e5_2","datatable","groups","1e5",2,0,3.71,2745.77734375,0,2.028151,3.32,100102015,933.935937,1069.07648,NA,NA,TRUE
"vectra_groups_1e6_2","vectra","groups","1e6",2,0,11.16,2786.55078125,0,16.208218,10.84,101002015,899.179978,2007.945216,NA,NA,TRUE
"vectra1g_groups_1e6_2","vectra1g","groups","1e6",2,0,40.76,1896.56640625,749.329477,16.208218,40.443,101002015,1651.971827,2007.945216,NA,NA,TRUE
"arrow_groups_1e6_2","arrow","groups","1e6",2,0,3.1,1464.37109375,0,26.430435,2.314,101002015,1031.03843,1064.214528,NA,NA,TRUE
"duckdb_groups_1e6_2","duckdb","groups","1e6",2,0,3.1,294.4296875,0,20.76311,2.371,101002015,1030.432957,1951.039488,NA,NA,TRUE
"datatable_groups_1e6_2","datatable","groups","1e6",2,0,3.96,2505.30859375,0,20.111062,3.521,101002015,954.458191,1106.415616,NA,NA,TRUE
"vectra_groups_1e7_2","vectra","groups","1e7",2,0,25.1,2786.6015625,0,161.327937,24.797,109934449,981.660184,1854.386176,NA,NA,TRUE
"vectra1g_groups_1e7_2","vectra1g","groups","1e7",2,0,56.14,1896.5390625,763.372383,161.327937,55.851,109934449,1747.961664,1854.386176,NA,NA,TRUE
"arrow_groups_1e7_2","arrow","groups","1e7",2,0,8.71,3223.5234375,0,260.189171,7.88,109934449,1127.617293,1067.712512,NA,NA,TRUE
"duckdb_groups_1e7_2","duckdb","groups","1e7",2,0,5.84,1533.4921875,0,204.575675,5.198,109934449,1110.598439,1765.552128,NA,NA,TRUE
"datatable_groups_1e7_2","datatable","groups","1e7",2,0,5.1,2505.1484375,0,199.719002,4.695,109934449,954.459163,1081.30304,NA,NA,TRUE
"vectra_join_1e3_2","vectra","join","1e3",2,0,9.41,2786.765625,0,0,9.08,75312950,146.080807,1195.954176,NA,NA,TRUE
"vectra1g_join_1e3_2","vectra1g","join","1e3",2,0,22.35,1896.140625,333.813132,0,21.987,75312950,482.233717,1195.954176,NA,NA,TRUE
"arrow_join_1e3_2","arrow","join","1e3",2,0,1.78,414.67578125,0,0,0.944,75312950,107.404957,107.716608,NA,NA,TRUE
"duckdb_join_1e3_2","duckdb","join","1e3",2,0,1.28,133.1015625,0,0,0.672,75312950,108.170277,605.319168,NA,NA,TRUE
"datatable_join_1e3_2","datatable","join","1e3",2,0,6.23,2947.47265625,0,0,5.819,75312950,152.085072,181.092352,NA,NA,TRUE
"vectra_join_1e5_2","vectra","join","1e5",2,0,11.26,2793.37109375,0,0,10.914,74975261,190.357167,1194.496,NA,NA,TRUE
"vectra1g_join_1e5_2","vectra1g","join","1e5",2,0,23.22,1903.0703125,375.279591,0,22.882,74975261,570.054623,1194.496,NA,NA,TRUE
"arrow_join_1e5_2","arrow","join","1e5",2,0,1.88,610.09375,0,0,1.121,74975261,171.781905,172.183552,NA,NA,TRUE
"duckdb_join_1e5_2","duckdb","join","1e5",2,0,1.74,138.8984375,0,0,1.091,74975261,172.447017,502.403072,NA,NA,TRUE
"datatable_join_1e5_2","datatable","join","1e5",2,0,6.11,2949.4296875,0,0,5.64,74975261,182.624749,294.178816,NA,NA,TRUE
"vectra_join_1e6_2","vectra","join","1e6",2,0,17.57,2846.58984375,0,0,17.25,75009026,216.748569,1413.103616,NA,NA,TRUE
"vectra1g_join_1e6_2","vectra1g","join","1e6",2,0,28.33,1959.61328125,395.863953,0,27.955,75009026,615.388823,1413.103616,NA,NA,TRUE
"arrow_join_1e6_2","arrow","join","1e6",2,0,2.02,1089.76171875,0,0,1.323,75009026,280.971045,281.391104,NA,NA,TRUE
"duckdb_join_1e6_2","duckdb","join","1e6",2,0,1.97,173.0390625,0,0,1.394,75009026,281.668078,999.079936,NA,NA,TRUE
"datatable_join_1e6_2","datatable","join","1e6",2,0,7.27,2957.4140625,0,0,6.816,75009026,211.636082,340.013056,NA,NA,TRUE
"vectra_join_1e7_2","vectra","join","1e7",2,0,25.58,3535.53125,0,0,25.192,75002406,268.171954,1256.759296,NA,NA,TRUE
"vectra1g_join_1e7_2","vectra1g","join","1e7",2,0,36.65,2641.7890625,403.994122,0,36.186,75002406,676.198245,1256.759296,NA,NA,TRUE
"arrow_join_1e7_2","arrow","join","1e7",2,0,3.58,2192.84375,0,0,2.809,75002406,390.067029,390.500352,NA,NA,TRUE
"duckdb_join_1e7_2","duckdb","join","1e7",2,0,3.75,600.85546875,0,0,3.167,75002406,390.985021,1114.800128,NA,NA,TRUE
"datatable_join_1e7_2","datatable","join","1e7",2,0,8.07,3060.65234375,0,0,7.649,75002406,296.575712,399.85152,NA,NA,TRUE
"vectra1g_join_5e7_2","vectra1g","join","5e7",2,0,38.34,5110.2734375,322.250233,0,37.963,75001893,638.875682,759.918592,NA,NA,TRUE
"arrow_join_5e7_2","arrow","join","5e7",2,137,7.36,5965.53515625,0,0,NA,NA,NA,NA,NA,NA,FALSE
"duckdb_join_5e7_2","duckdb","join","5e7",2,0,5.79,2000.83203125,0,0,4.943,75001893,859.857903,1546.821632,NA,NA,TRUE
"datatable_join_5e7_2","datatable","join","5e7",2,0,8.19,2750.9140625,0,0,7.765,75001893,594.764962,639.889408,NA,NA,TRUE
"vectra_collect_0.001_2","vectra","collect","0.001",2,0,4.01,88.88671875,0,0,3.688,49855,989.488208,2029.830144,NA,NA,TRUE
"vectra_sink_0.001_2","vectra","sink","0.001",2,0,3.92,92.4375,0,2.132518,3.554,49855,989.618468,2029.83424,NA,NA,TRUE
"arrow_collect_0.001_2","arrow","collect","0.001",2,0,3.06,1549.76171875,0,0,2.097,49855,1114.435914,1815.953408,NA,NA,TRUE
"arrow_sink_0.001_2","arrow","sink","0.001",2,0,3.34,1555.5859375,0,2.816312,2.498,49855,1117.811571,1819.283456,NA,NA,TRUE
"duckdb_collect_0.001_2","duckdb","collect","0.001",2,0,1.89,165.33984375,0,0,1.171,49855,1116.443515,2251.657216,NA,NA,TRUE
"duckdb_sink_0.001_2","duckdb","sink","0.001",2,0,2.07,167.6953125,0,1.123018,1.357,49855,1116.444011,2251.661312,NA,NA,TRUE
"vectra_collect_0.01_2","vectra","collect","0.01",2,0,3.74,107.13671875,0,0,3.368,499314,989.488208,2029.830144,NA,NA,TRUE
"vectra_sink_0.01_2","vectra","sink","0.01",2,0,4.11,85.140625,0,18.142126,3.76,499314,989.608535,2029.83424,NA,NA,TRUE
"arrow_collect_0.01_2","arrow","collect","0.01",2,0,2.81,1547.51171875,0,0,1.973,499314,1114.435914,1817.96864,NA,NA,TRUE
"arrow_sink_0.01_2","arrow","sink","0.01",2,0,3.27,1592.0390625,0,16.357212,2.423,499314,1131.361063,1817.186304,NA,NA,TRUE
"duckdb_collect_0.01_2","duckdb","collect","0.01",2,0,2.13,197.140625,0,0,1.301,499314,1116.443515,2251.657216,NA,NA,TRUE
"duckdb_sink_0.01_2","duckdb","sink","0.01",2,0,2.1,181.45703125,0,10.848342,1.407,499314,1116.445446,2251.661312,NA,NA,TRUE
"vectra_collect_0.1_2","vectra","collect","0.1",2,0,4.78,335.09765625,0,0,4.394,5001776,989.488208,2029.830144,NA,NA,TRUE
"vectra_sink_0.1_2","vectra","sink","0.1",2,0,6.26,85.88671875,0,142.790465,5.952,5001776,989.622219,2029.83424,NA,NA,TRUE
"arrow_collect_0.1_2","arrow","collect","0.1",2,0,3.1,1720.5,0,0,2.194,5001776,1114.435914,1817.935872,NA,NA,TRUE
"arrow_sink_0.1_2","arrow","sink","0.1",2,0,4.73,1710.8046875,0,150.893473,3.88,5001776,1265.923062,1818.021888,NA,NA,TRUE
"duckdb_collect_0.1_2","duckdb","collect","0.1",2,0,2.74,527.01171875,0,0,2.075,5001776,1116.443515,2251.657216,NA,NA,TRUE
"duckdb_sink_0.1_2","duckdb","sink","0.1",2,0,2.53,182.234375,0,108.529217,1.844,5001776,1116.458924,2251.661312,NA,NA,TRUE
"vectra_collect_0.5_2","vectra","collect","0.5",2,0,7.6,1364.828125,0,0,7.214,24999388,989.488208,2029.830144,NA,NA,TRUE
"vectra_sink_0.5_2","vectra","sink","0.5",2,0,22.99,85.8984375,0,528.434041,22.637,24999388,989.608219,2029.83424,NA,NA,TRUE
"arrow_collect_0.5_2","arrow","collect","0.5",2,0,3.56,2260.0390625,0,0,2.717,24999388,1114.435914,1817.23136,NA,NA,TRUE
"arrow_sink_0.5_2","arrow","sink","0.5",2,0,12.12,2353.19140625,0,726.827738,11.313,24999388,1841.864369,1815.04,NA,NA,TRUE
"duckdb_collect_0.5_2","duckdb","collect","0.5",2,0,5.8,2005.390625,0,0,5.15,24999388,1116.443515,2251.657216,NA,NA,TRUE
"duckdb_sink_0.5_2","duckdb","sink","0.5",2,0,4.69,186.625,0,541.964909,4.052,24999388,1116.518666,2251.661312,NA,NA,TRUE
"vectra_pip_1e6_2","vectra","pip","1e6",2,0,7.77,361.80859375,26.730496,0,7.371,545124,20.971488,153.182208,NA,NA,TRUE
"sf_pip_1e6_2","sf","pip","1e6",2,0,10.33,945.3984375,0,0,9.675,545124,15.973986,58.945536,NA,NA,TRUE
"duckdb_pip_1e6_2","duckdb","pip","1e6",2,0,44.38,229.21484375,0,1.314816,43.764,545124,109.372314,233.873408,NA,NA,TRUE
"vectra_pip_1e7_2","vectra","pip","1e7",2,0,72.81,1478.73046875,347.155551,0,72.409,5451447,128.491857,441.151488,NA,NA,TRUE
"duckdb_pip_1e7_2","duckdb","pip","1e7",2,0,227.34,246.03125,0,1.314816,226.724,5451447,236.72857,476.987392,NA,NA,TRUE
"vectra_pip_3e7_2","vectra","pip","3e7",2,0,222.18,1679.421875,1040.713286,0,221.76,16353933,368.771457,1096.02816,NA,NA,TRUE
"vectra_pip_5e7_2","vectra","pip","5e7",2,0,376.46,2254.75,1733.250246,0,376.006,27253247,609.028783,1750.884352,NA,NA,TRUE
"vectra_model_offload_1e7_2","vectra","model_offload","1e7",2,0,19.21,161.12109375,92.997098,0,18.783,-0.8601,895.429899,428.363776,8.489,5,TRUE
"vectra_model_rebuild_1e7_2","vectra","model_rebuild","1e7",2,0,34.64,304.8203125,0,0,34.161,-0.8601,2129.695179,428.363776,0,5,TRUE
"vectra_model_glm_1e7_2","vectra","model_glm","1e7",2,0,21.32,3020.02734375,0,0,20.832,-0.8601,427.400306,428.294144,4.973,4,TRUE
"vectra_model_offload_5e7_2","vectra","model_offload","5e7",2,0,72.71,161.44140625,465.03377,0,72.349,-0.8628,4449.680082,2109.267968,35.055,5,TRUE
"vectra_model_rebuild_5e7_2","vectra","model_rebuild","5e7",2,0,146.22,299.7578125,0,0,145.876,-0.8628,10541.946557,2109.267968,0,5,TRUE
"vectra_sort_1e7_2","vectra","sort","1e7",2,0,51.65,2116.94140625,0,426.80182,51.311,-5127222,847.465564,420.237312,NA,NA,TRUE
"vectra1g_sort_1e7_2","vectra1g","sort","1e7",2,0,30.66,1195.33203125,434.581861,433.796605,30.327,-5127222,859.023179,420.237312,NA,NA,TRUE
"arrow_sort_1e7_2","arrow","sort","1e7",2,0,15.19,2957.11328125,0,654.543212,14.407,-5127222,1816.465773,506.957824,NA,NA,TRUE
"duckdb_sort_1e7_2","duckdb","sort","1e7",2,0,5.05,1508.01171875,0,499.655035,4.389,-5127222,593.65724,506.843136,NA,NA,TRUE
"datatable_sort_1e7_2","datatable","sort","1e7",2,0,4.35,1446.49609375,0,565.314005,3.929,-5127222,549.408945,549.35552,NA,NA,TRUE
"vectra_sort_5e7_2","vectra","sort","5e7",2,0,155.68,4457.1796875,2174.043663,2180.444969,155.348,33484774,4284.236849,2101.264384,NA,NA,TRUE
"vectra1g_sort_5e7_2","vectra1g","sort","5e7",2,0,162.26,1191.66796875,2172.828745,2180.444969,161.899,33484774,4283.163582,2101.149696,NA,NA,TRUE
"duckdb_sort_5e7_2","duckdb","sort","5e7",2,0,31.72,5387.4296875,1711.210496,2463.916025,30.684,33484774,5539.348483,6887.419904,NA,NA,TRUE
"vectra_sort_1e8_2","vectra","sort","1e8",2,0,317.55,4458.765625,4358.326175,4360.738327,317.13,83329052,8575.811711,7478.919168,NA,NA,TRUE
"vectra1g_sort_1e8_2","vectra1g","sort","1e8",2,0,322.19,1194.8359375,4348.518557,4360.738327,321.852,83329052,8566.299841,7224.946688,NA,NA,TRUE
"vectra_abl_zm_sorted_3","vectra","abl","zm_sorted",3,0,0.39,79.3359375,0,0,0.065,500176.405696919,4.397756,19.869696,NA,NA,TRUE
"vectra_abl_zm_random_3","vectra","abl","zm_random",3,0,3.07,78.875,0,0,2.75,501048.265071956,542.473202,1862.213632,NA,NA,TRUE
"vectra_abl_cols_1_3","vectra","abl","cols_1",3,0,2.05,75.32421875,0,0,1.705,1795.65482346731,383.866433,1597.861888,NA,NA,TRUE
"vectra_abl_cols_all_3","vectra","abl","cols_all",3,0,6.91,85.0625,0,0,6.6,1527623628053520,1863.388091,2096.033792,NA,NA,TRUE
"vectra_abl_idx_none_3","vectra","abl","idx_none",3,0,6.2,90.50390625,0,0,5.868,153142903.00814,2102.937638,2101.243904,NA,NA,TRUE
"vectra_abl_idx_vtri_3","vectra","abl","idx_vtri",3,0,0.47,90.34375,0,0,0.134,153142903.00814,27.848008,70.991872,NA,NA,TRUE
"vectra_abl_mut_before_3","vectra","abl","mut_before",3,0,7.65,99.2109375,0,0,7.294,5e+05,2102.942651,2101.243904,NA,NA,TRUE
"vectra_abl_mut_after_3","vectra","abl","mut_after",3,0,0.44,98.96875,0,0,0.116,5e+05,22.321877,31.858688,NA,NA,TRUE
"vectra_scan_1e7_3","vectra","scan","1e7",3,0,2,606.375,0,0,1.688,4668622,420.610641,420.233216,NA,NA,TRUE
"vectra1g_scan_1e7_3","vectra1g","scan","1e7",3,0,2.17,598.375,0,0,1.826,4668622,420.605628,420.233216,NA,NA,TRUE
"arrow_scan_1e7_3","arrow","scan","1e7",3,0,1.73,460.43359375,0,0,0.621,4668622,168.050389,176.795648,NA,NA,TRUE
"duckdb_scan_1e7_3","duckdb","scan","1e7",3,0,0.81,115.9921875,0,0,0.197,4668622,168.199479,288.07168,NA,NA,TRUE
"datatable_scan_1e7_3","datatable","scan","1e7",3,0,1.22,453.0234375,0,0,0.842,4668622,170.922498,194.10944,NA,NA,TRUE
"vectra_scan_2e7_3","vectra","scan","2e7",3,0,3.82,1111.15234375,0,0,3.484,9335054,841.230717,840.466432,NA,NA,TRUE
"vectra1g_scan_2e7_3","vectra1g","scan","2e7",3,0,3.89,1104.4609375,0,0,3.569,9335054,841.225704,840.466432,NA,NA,TRUE
"arrow_scan_2e7_3","arrow","scan","2e7",3,0,1.68,682.76953125,0,0,0.785,9335054,335.933079,353.472512,NA,NA,TRUE
"duckdb_scan_2e7_3","duckdb","scan","2e7",3,0,1.23,126.1875,0,0,0.507,9335054,336.393889,586.203136,NA,NA,TRUE
"datatable_scan_2e7_3","datatable","scan","2e7",3,0,2.05,987.40234375,0,0,1.63,9335054,341.826152,387.596288,NA,NA,TRUE
"vectra_scan_5e7_3","vectra","scan","5e7",3,0,10.27,2630.45703125,0,0,9.888,23333333,2103.060918,2101.137408,NA,NA,TRUE
"vectra1g_scan_5e7_3","vectra1g","scan","5e7",3,0,30.42,1165.1875,592.729336,0,30.086,23333333,2696.605047,2101.137408,NA,NA,TRUE
"arrow_scan_5e7_3","arrow","scan","5e7",3,0,2.66,1094.30078125,0,0,1.68,23333333,839.577755,883.515392,NA,NA,TRUE
"duckdb_scan_5e7_3","duckdb","scan","5e7",3,0,1.7,148.90625,0,0,1.034,23333333,840.973726,1476.059136,NA,NA,TRUE
"datatable_scan_5e7_3","datatable","scan","5e7",3,0,4.24,2360.83984375,0,0,3.801,23333333,854.536909,969.240576,NA,NA,TRUE
"vectra_scan_1e8_3","vectra","scan","1e8",3,0,21.75,5183.83203125,0,0,21.412,46669431,4206.149937,4202.328064,NA,NA,TRUE
"vectra1g_scan_1e8_3","vectra1g","scan","1e8",3,0,62.75,1167.234375,1185.396229,0,62.244,46669431,5393.177554,4202.274816,NA,NA,TRUE
"arrow_scan_1e8_3","arrow","scan","1e8",3,0,3.73,1124.55078125,0,0,2.782,46669431,1678.984666,1766.916096,NA,NA,TRUE
"duckdb_scan_1e8_3","duckdb","scan","1e8",3,0,2.93,187.94140625,0,0,2.152,46669431,1681.939237,2909.92128,NA,NA,TRUE
"datatable_scan_1e8_3","datatable","scan","1e8",3,0,8.62,4649.6328125,0,0,8.071,46669431,1709.055559,1938.1248,NA,NA,TRUE
"vectra_groups_1e3_3","vectra","groups","1e3",3,0,9.65,2786.43359375,0,0.016808,9.298,100003015,826.612131,2014.072832,NA,NA,TRUE
"vectra1g_groups_1e3_3","vectra1g","groups","1e3",3,0,39,1896.58984375,741.755483,0.016808,38.653,100003015,1572.086444,2014.072832,NA,NA,TRUE
"arrow_groups_1e3_3","arrow","groups","1e3",3,0,2.13,1166.28515625,0,0.029179,1.286,100003015,858.589243,902.467584,NA,NA,TRUE
"duckdb_groups_1e3_3","duckdb","groups","1e3",3,0,1.64,150.09375,0,0.023946,0.9,100003015,859.921113,1621.95456,NA,NA,TRUE
"datatable_groups_1e3_3","datatable","groups","1e3",3,0,4.05,2745.1484375,0,0.020595,3.598,100003015,904.331479,1002.115072,NA,NA,TRUE
"vectra_groups_1e5_3","vectra","groups","1e5",3,0,10.21,2786.59765625,0,1.623542,9.882,100102015,869.116956,2028.27776,NA,NA,TRUE
"vectra1g_groups_1e5_3","vectra1g","groups","1e5",3,0,41.34,1896.58984375,742.966862,1.623542,40.829,100102015,1614.766702,2028.27776,NA,NA,TRUE
"arrow_groups_1e5_3","arrow","groups","1e5",3,0,2.75,1217.38671875,0,2.668673,1.819,100102015,922.532597,965.246976,NA,NA,TRUE
"duckdb_groups_1e5_3","duckdb","groups","1e5",3,0,2.15,157.71484375,0,2.102221,1.523,100102015,923.604698,1736.511488,NA,NA,TRUE
"datatable_groups_1e5_3","datatable","groups","1e5",3,0,3.93,2745.70703125,0,2.028151,3.499,100102015,933.935937,1069.07648,NA,NA,TRUE
"vectra_groups_1e6_3","vectra","groups","1e6",3,0,11.78,2786.66796875,0,16.208218,11.382,101002015,899.179978,2007.945216,NA,NA,TRUE
"vectra1g_groups_1e6_3","vectra1g","groups","1e6",3,0,42.34,1896.5703125,749.329477,16.208218,41.977,101002015,1651.971827,2007.945216,NA,NA,TRUE
"arrow_groups_1e6_3","arrow","groups","1e6",3,0,3.26,1509.03515625,0,26.430399,2.375,101002015,1031.038394,1064.214528,NA,NA,TRUE
"duckdb_groups_1e6_3","duckdb","groups","1e6",3,0,3.2,293.546875,0,20.76311,2.604,101002015,1030.432957,1951.039488,NA,NA,TRUE
"datatable_groups_1e6_3","datatable","groups","1e6",3,0,3.87,2505.54296875,0,20.111062,3.422,101002015,954.458191,1106.415616,NA,NA,TRUE
"vectra_groups_1e7_3","vectra","groups","1e7",3,0,25.05,2786.41796875,0,161.327937,24.734,109934449,981.660184,1854.386176,NA,NA,TRUE
"vectra1g_groups_1e7_3","vectra1g","groups","1e7",3,0,56.72,1896.609375,763.372383,161.327937,56.39,109934449,1747.961664,1854.386176,NA,NA,TRUE
"arrow_groups_1e7_3","arrow","groups","1e7",3,0,9.02,3145.75,0,260.176425,8.198,109934449,1127.604548,1067.712512,NA,NA,TRUE
"duckdb_groups_1e7_3","duckdb","groups","1e7",3,0,5.71,1548.2578125,0,204.58837,5.017,109934449,1110.611135,1765.552128,NA,NA,TRUE
"datatable_groups_1e7_3","datatable","groups","1e7",3,0,4.73,2505.54296875,0,199.719002,4.259,109934449,954.459163,1081.30304,NA,NA,TRUE
"vectra_join_1e3_3","vectra","join","1e3",3,0,9.78,2786.85546875,0,0,9.333,75312950,146.080807,1195.954176,NA,NA,TRUE
"vectra1g_join_1e3_3","vectra1g","join","1e3",3,0,22.67,1896.125,333.813132,0,22.335,75312950,482.233717,1195.954176,NA,NA,TRUE
"arrow_join_1e3_3","arrow","join","1e3",3,0,1.9,521.09765625,0,0,1.076,75312950,107.404957,107.716608,NA,NA,TRUE
"duckdb_join_1e3_3","duckdb","join","1e3",3,0,1.35,133.36328125,0,0,0.724,75312950,108.170277,605.319168,NA,NA,TRUE
"datatable_join_1e3_3","datatable","join","1e3",3,0,6.7,2947.61328125,0,0,6.148,75312950,152.085072,181.092352,NA,NA,TRUE
"vectra_join_1e5_3","vectra","join","1e5",3,0,11.32,2793.41796875,0,0,10.967,74975261,190.357167,1194.496,NA,NA,TRUE
"vectra1g_join_1e5_3","vectra1g","join","1e5",3,0,24.61,1903.07421875,375.279591,0,24.226,74975261,570.054623,1194.496,NA,NA,TRUE
"arrow_join_1e5_3","arrow","join","1e5",3,0,2.25,494.47265625,0,0,1.402,74975261,171.781905,172.183552,NA,NA,TRUE
"duckdb_join_1e5_3","duckdb","join","1e5",3,0,2,138.609375,0,0,1.22,74975261,172.447017,502.403072,NA,NA,TRUE
"datatable_join_1e5_3","datatable","join","1e5",3,0,6.94,2949.32421875,0,0,6.455,74975261,182.624749,294.178816,NA,NA,TRUE
"vectra_join_1e6_3","vectra","join","1e6",3,0,17.49,2846.40234375,0,0,17.144,75009026,216.748569,1413.103616,NA,NA,TRUE
"vectra1g_join_1e6_3","vectra1g","join","1e6",3,0,30.78,1959.64453125,395.863953,0,30.371,75009026,615.388823,1413.103616,NA,NA,TRUE
"arrow_join_1e6_3","arrow","join","1e6",3,0,2.31,1090.58203125,0,0,1.445,75009026,280.971045,281.391104,NA,NA,TRUE
"duckdb_join_1e6_3","duckdb","join","1e6",3,0,2.31,172.78125,0,0,1.679,75009026,281.668078,999.079936,NA,NA,TRUE
"datatable_join_1e6_3","datatable","join","1e6",3,0,7.47,2957.37109375,0,0,7.009,75009026,211.636082,340.013056,NA,NA,TRUE
"vectra_join_1e7_3","vectra","join","1e7",3,0,22.14,3535.26953125,0,0,21.748,75002406,268.171954,1256.759296,NA,NA,TRUE
"vectra1g_join_1e7_3","vectra1g","join","1e7",3,0,35.31,2641.80859375,403.994122,0,34.91,75002406,676.198245,1256.759296,NA,NA,TRUE
"arrow_join_1e7_3","arrow","join","1e7",3,0,3.64,2210.06640625,0,0,2.849,75002406,390.067029,390.500352,NA,NA,TRUE
"duckdb_join_1e7_3","duckdb","join","1e7",3,0,3.58,600.703125,0,0,2.981,75002406,390.985021,1114.800128,NA,NA,TRUE
"datatable_join_1e7_3","datatable","join","1e7",3,0,8.14,3060.2421875,0,0,7.67,75002406,296.575712,399.85152,NA,NA,TRUE
"vectra1g_join_5e7_3","vectra1g","join","5e7",3,0,36.64,5110.3984375,322.250233,0,36.316,75001893,638.875682,759.918592,NA,NA,TRUE
"arrow_join_5e7_3","arrow","join","5e7",3,137,7.41,5965.92578125,0,0,NA,NA,NA,NA,NA,NA,FALSE
"duckdb_join_5e7_3","duckdb","join","5e7",3,0,5.65,2000.78125,0,0,4.867,75001893,859.857903,1546.821632,NA,NA,TRUE
"datatable_join_5e7_3","datatable","join","5e7",3,0,8.36,2751.10546875,0,0,7.906,75001893,594.764962,639.889408,NA,NA,TRUE
"vectra_collect_0.001_3","vectra","collect","0.001",3,0,3.96,88.8984375,0,0,3.628,49855,989.488208,2029.830144,NA,NA,TRUE
"vectra_sink_0.001_3","vectra","sink","0.001",3,0,4.13,92.421875,0,2.132518,3.771,49855,989.618468,2029.83424,NA,NA,TRUE
"arrow_collect_0.001_3","arrow","collect","0.001",3,0,2.75,1555.02734375,0,0,1.86,49855,1114.435914,1818.820608,NA,NA,TRUE
"arrow_sink_0.001_3","arrow","sink","0.001",3,0,3.16,1542.3671875,0,2.816322,2.288,49855,1117.811585,1818.349568,NA,NA,TRUE
"duckdb_collect_0.001_3","duckdb","collect","0.001",3,0,1.89,165.41796875,0,0,1.18,49855,1116.443515,2251.657216,NA,NA,TRUE
"duckdb_sink_0.001_3","duckdb","sink","0.001",3,0,1.82,167.64453125,0,1.123008,1.15,49855,1116.444011,2251.661312,NA,NA,TRUE
"vectra_collect_0.01_3","vectra","collect","0.01",3,0,3.59,107.23828125,0,0,3.246,499314,989.488208,2029.830144,NA,NA,TRUE
"vectra_sink_0.01_3","vectra","sink","0.01",3,0,4.02,85.1953125,0,18.142126,3.681,499314,989.608535,2029.83424,NA,NA,TRUE
"arrow_collect_0.01_3","arrow","collect","0.01",3,0,2.83,1560.53125,0,0,1.955,499314,1114.435914,1819.017216,NA,NA,TRUE
"arrow_sink_0.01_3","arrow","sink","0.01",3,0,3.27,1590.55859375,0,16.357212,2.435,499314,1131.361063,1817.055232,NA,NA,TRUE
"duckdb_collect_0.01_3","duckdb","collect","0.01",3,0,1.95,196.92578125,0,0,1.259,499314,1116.443515,2251.657216,NA,NA,TRUE
"duckdb_sink_0.01_3","duckdb","sink","0.01",3,0,1.81,181.56640625,0,10.848562,1.162,499314,1116.445446,2251.661312,NA,NA,TRUE
"vectra_collect_0.1_3","vectra","collect","0.1",3,0,4.91,335.19921875,0,0,4.506,5001776,989.488208,2029.830144,NA,NA,TRUE
"vectra_sink_0.1_3","vectra","sink","0.1",3,0,6.16,85.82421875,0,142.790465,5.849,5001776,989.622219,2029.83424,NA,NA,TRUE
"arrow_collect_0.1_3","arrow","collect","0.1",3,0,3.09,1663.88671875,0,0,2.175,5001776,1114.435914,1818.312704,NA,NA,TRUE
"arrow_sink_0.1_3","arrow","sink","0.1",3,0,4.78,1710.28515625,0,150.893473,3.926,5001776,1265.923062,1819.332608,NA,NA,TRUE
"duckdb_collect_0.1_3","duckdb","collect","0.1",3,0,2.61,527,0,0,1.983,5001776,1116.443515,2251.657216,NA,NA,TRUE
"duckdb_sink_0.1_3","duckdb","sink","0.1",3,0,2.55,180.58203125,0,108.526162,1.775,5001776,1116.458924,2251.661312,NA,NA,TRUE
"vectra_collect_0.5_3","vectra","collect","0.5",3,0,7.18,1364.76171875,0,0,6.81,24999388,989.488208,2029.830144,NA,NA,TRUE
"vectra_sink_0.5_3","vectra","sink","0.5",3,0,21.32,85.61328125,0,528.434041,20.983,24999388,989.608219,2029.83424,NA,NA,TRUE
"arrow_collect_0.5_3","arrow","collect","0.5",3,0,3.56,2249.36328125,0,0,2.689,24999388,1114.435914,1819.082752,NA,NA,TRUE
"arrow_sink_0.5_3","arrow","sink","0.5",3,0,11.63,2341.1328125,0,726.827738,10.788,24999388,1841.864369,1816.858624,NA,NA,TRUE
"duckdb_collect_0.5_3","duckdb","collect","0.5",3,0,5.45,2005.390625,0,0,4.772,24999388,1116.443515,2251.657216,NA,NA,TRUE
"duckdb_sink_0.5_3","duckdb","sink","0.5",3,0,4.07,185.55078125,0,541.96553,3.446,24999388,1116.518666,2251.661312,NA,NA,TRUE
"vectra_pip_1e6_3","vectra","pip","1e6",3,0,7.34,361.796875,18.41152,0,6.978,545124,20.971488,153.182208,NA,NA,TRUE
"sf_pip_1e6_3","sf","pip","1e6",3,0,10.01,945.546875,0,0,9.407,545124,15.973986,58.945536,NA,NA,TRUE
"duckdb_pip_1e6_3","duckdb","pip","1e6",3,0,40.93,230.1953125,0,1.314816,40.329,545124,109.37231,233.873408,NA,NA,TRUE
"vectra_pip_1e7_3","vectra","pip","1e7",3,0,74.37,1478.93359375,347.155551,0,73.97,5451447,128.491857,441.151488,NA,NA,TRUE
"vectra_model_offload_1e7_3","vectra","model_offload","1e7",3,0,14.51,160.88671875,92.997098,0,14.173,-0.8601,895.429899,428.363776,6.795,5,TRUE
"vectra_model_rebuild_1e7_3","vectra","model_rebuild","1e7",3,0,29.95,304.80078125,0,0,29.631,-0.8601,2129.695179,428.363776,0,5,TRUE
"vectra_model_glm_1e7_3","vectra","model_glm","1e7",3,0,20.94,3020.078125,0,0,20.522,-0.8601,427.400306,428.294144,4.927,4,TRUE
"vectra_model_offload_5e7_3","vectra","model_offload","5e7",3,0,69.67,161.4765625,465.03377,0,69.326,-0.8628,4449.680082,2109.267968,33.778,5,TRUE
"vectra_model_rebuild_5e7_3","vectra","model_rebuild","5e7",3,0,142.57,291.8515625,0,0,142.229,-0.8628,10541.946557,2109.267968,0,5,TRUE
"vectra_sort_1e7_3","vectra","sort","1e7",3,0,51.02,2116.65625,0,426.80182,50.722,-5127222,847.465564,420.237312,NA,NA,TRUE
"vectra1g_sort_1e7_3","vectra1g","sort","1e7",3,0,29.25,1195.2890625,434.581861,433.796605,28.935,-5127222,859.023179,420.237312,NA,NA,TRUE
"arrow_sort_1e7_3","arrow","sort","1e7",3,0,14.8,2973.43359375,0,654.543212,13.977,-5127222,1816.465773,506.957824,NA,NA,TRUE
"duckdb_sort_1e7_3","duckdb","sort","1e7",3,0,4.94,1507.265625,0,499.655035,4.319,-5127222,593.65724,506.843136,NA,NA,TRUE
"datatable_sort_1e7_3","datatable","sort","1e7",3,0,4.58,1446.44140625,0,565.314005,4.154,-5127222,549.408945,549.35552,NA,NA,TRUE
"duckdb_sort_5e7_3","duckdb","sort","5e7",3,0,30.34,5299.2421875,1737.555968,2463.916025,29.199,33484774,5859.983357,6047.981568,NA,NA,TRUE
"duckdb_sort_1e8_4","duckdb","sort","1e8",4,0,66.67,5685.328125,7419.723776,4914.740369,65.697,83329052,14212.671118,24225.288192,NA,NA,TRUE
"duckdb_pip_3e7_4","duckdb","pip","3e7",4,0,630.57,249.34375,0,1.314816,629.985,16353933,530.745009,1047.371776,NA,NA,TRUE
